<?xml version="1.0" encoding="UTF-8" standalone="no"?>
<!--外部引用.dtd文件验证-->
<!DOCTYPE songList SYSTEM "wangyi_songlist.dtd">
<!--schema外部引用.xsd文件-->
<!--songList xmlns="http://www.w3school.com.cn" xmlns:xsi="http://www.w3.org/2001/XMLSchema-instance" xsi:schemaLocation="http://www.w3school.com.cn wangyi_songlist.xsd" songNum="10" playlist_id="309532321"-->
<?xml-stylesheet type="text/xsl" href="SongList.xsl"?>
<songList songNum="25" playlist_id="309532321">
   <listName>诗意栖居的影子</listName>
   <creator>
     <user user_id="118593922">
       <name>_微澜_</name>
     </user>
   </creator>
   <createDate>
      2016-02-29
   </createDate>
   <tags>
      <tag>华语</tag>
      <tag>民谣</tag>
      <tag>安静</tag>
   </tags>
   <introduction>
    他说你任何为人称道的美丽
    不及他第一次遇见你
    ——马頔《南山南》
    只愿不忘最初的感动吧。
    封面摄影：Martin Marcisovsky，来自爱尔兰。
   </introduction>
   <playTimes>
      62431
   </playTimes>
   <songs>
      <song song_id="27646295">
         <songName>安和桥</songName>
         <artist artist_id="5073">宋东野</artist>
         <time>PT4M11S</time>
         <album album_id="2646285">安和桥北</album>
      </song>
      <song song_id="145244">
         <songName>岁月</songName>
         <artist artist_id="4937">沈庆</artist>
         <time>PT4M53S</time>
         <album album_id="14533">这么多年以来</album>
      </song>
      <song song_id="202373">
         <songName>南方姑娘</songName>
         <artist artist_id="6731">赵雷</artist>
         <time>PT5M32S</time>
         <album album_id="20339">赵小雷</album>
      </song>
       <song song_id="28381611">
         <songName>北方的女王（demo）</songName>
         <artist artist_id="4903">尧十三</artist>
         <time>PT5M57S</time>
         <album album_id="2785070">北方的女王</album>
      </song>
      <song song_id="110236">
         <songName>异乡人</songName>
         <artist artist_id="3695">李健</artist>
         <time>PT3M47S</time>
         <album album_id="10908">想念你</album>
      </song>
      <song song_id="26241457">
         <songName>流浪者</songName>
         <artist artist_id="13363">小舟与旅行者</artist>
         <time>PT4M59S</time>
         <album album_id="2430939">罗布泊</album>
      </song>
      <song song_id="26494698">
         <songName>米店</songName>
         <artist artist_id="173002">张伟伟和郭龙</artist>
         <time>PT5M36S</time>
         <album album_id="2508224">白银饭店</album>
      </song>
      <song song_id="26427662">
         <songName>一个人的北京</songName>
         <artist artist_id="711683">好妹妹乐队</artist>
         <time>PT5M32S</time>
         <album album_id="2497096">南北</album>
      </song>
      <song song_id="191117">
         <songName>牧歌</songName>
         <artist artist_id="6474">钟立风</artist>
         <time>PT4M9S</time>
         <album album_id="19302">像牧歌一样忧伤</album>
      </song>
      <song song_id="26418516">
         <songName>九月（第三版）</songName>
         <artist artist_id="6461">周云蓬</artist>
         <time>PT6M4S</time>
         <album album_id="2489090">清炒苦瓜</album>
      </song>
      <song song_id="264185111">
         <songName>斑马，斑马</songName>
         <artist artist_id="5073">宋东野</artist>
         <time>PT4M11S</time>
         <album album_id="2646285">安和桥北</album>
      </song>
      <song song_id="264185112">
         <songName>董小姐</songName>
         <artist artist_id="5073">宋东野</artist>
         <time>PT4M11S</time>
         <album album_id="2646285">安和桥北</album>
      </song>
      <song song_id="264185113">
         <songName>莉莉安</songName>
         <artist artist_id="5073">宋东野</artist>
         <time>PT4M11S</time>
         <album album_id="2646285">安和桥北</album>
      </song>
      <song song_id="264185114">
         <songName>关忆北</songName>
         <artist artist_id="5073">宋东野</artist>
         <time>PT4M11S</time>
         <album album_id="2646285">安和桥北</album>
      </song>
      <song song_id="264185115">
         <songName>鸽子</songName>
         <artist artist_id="5073">宋东野</artist>
         <time>PT4M11S</time>
         <album album_id="2646285">安和桥北</album>
      </song>
      <song song_id="264185116">
         <songName>风吹麦浪</songName>
         <artist artist_id="3695">李健</artist>
         <time>PT3M47S</time>
         <album album_id="10908">想念你</album>
      </song>
      <song song_id="264185117">
         <songName>童年</songName>
         <artist artist_id="3695">李健</artist>
         <time>PT3M47S</time>
         <album album_id="10908">想念你</album>
      </song>
      <song song_id="264185118">
         <songName>想念你</songName>
         <artist artist_id="3695">李健</artist>
         <time>PT3M47S</time>
         <album album_id="10908">想念你</album>
      </song>
      <song song_id="264185119">
         <songName>超越</songName>
         <artist artist_id="3695">李健</artist>
         <time>PT3M47S</time>
         <album album_id="10908">想念你</album>
      </song>
      <song song_id="264185120">
         <songName>天狐</songName>
         <artist artist_id="3695">李健</artist>
         <time>PT3M47S</time>
         <album album_id="10908">想念你</album>
      </song>
      <song song_id="264185121">
         <songName>松花江</songName>
         <artist artist_id="3695">李健</artist>
         <time>PT3M47S</time>
         <album album_id="10908">想念你</album>
      </song>
      <song song_id="264185122">
         <songName>罗布泊</songName>
         <artist artist_id="13363">小舟与旅行者</artist>
         <time>PT4M59S</time>
         <album album_id="2430939">罗布泊</album>
      </song>
      <song song_id="264185123">
         <songName>白银饭店</songName>
         <artist artist_id="173002">张伟伟和郭龙</artist>
         <time>PT5M36S</time>
         <album album_id="2508224">白银饭店</album>
      </song>
      <song song_id="264185124">
         <songName>赵小雷</songName>
         <artist artist_id="6731">赵雷</artist>
         <time>PT5M32S</time>
         <album album_id="20339">赵小雷</album>
      </song>
      <song song_id="264185125">
         <songName>开往北京的火车</songName>
         <artist artist_id="6731">赵雷</artist>
         <time>PT5M32S</time>
         <album album_id="20339">赵小雷</album>
      </song>
   </songs>
   <collectors>
      <user user_id="129549609">
        <name>LITTLE96</name>
      </user>
      <user user_id="999663300">
        <name>野百合ya—</name>
      </user>
      <user user_id="124155163">
        <name>冒昧搭讪</name>
      </user>
   </collectors>
</songList>
